contest_id,username
1734,__jk__
1641,__silaedr__
1642,__silaedr__
1715,__silaedr__
1912,_LeMur_
1917,_LeMur_
1208,_shanky
1763,...nvm
681,.tx
887,.tx
1442,.tx
1443,.tx
1190,2014CAIS01
1191,2014CAIS01
1559,2sozx
1970,3EVEHAR_KOAVA
1500,4qqqq
1501,4qqqq
1584,4qqqq
1588,4qqqq
1589,4qqqq
1614,4qqqq
1771,4qqqq
1801,4qqqq
1802,4qqqq
61,A.K.Goharshady
72,A.K.Goharshady
100,A.K.Goharshady
282,A.K.Goharshady
1891,a.nasretdinov
1720,a.stepanov281005
1534,Aaeria
1867,ace5
1918,ace5
1903,Adam_GS
585,adedalic
586,adedalic
819,adedalic
820,adedalic
848,adedalic
920,adedalic
961,adedalic
976,adedalic
985,adedalic
990,adedalic
1000,adedalic
1016,adedalic
1027,adedalic
1030,adedalic
1041,adedalic
1053,adedalic
1058,adedalic
1065,adedalic
1073,adedalic
1076,adedalic
1082,adedalic
1085,adedalic
1086,adedalic
1087,adedalic
1093,adedalic
1096,adedalic
1101,adedalic
1107,adedalic
1117,adedalic
1132,adedalic
1140,adedalic
1155,adedalic
1156,adedalic
1167,adedalic
1170,adedalic
1175,adedalic
1187,adedalic
1194,adedalic
1197,adedalic
1202,adedalic
1207,adedalic
1217,adedalic
1221,adedalic
1223,adedalic
1227,adedalic
1238,adedalic
1240,adedalic
1241,adedalic
1251,adedalic
1257,adedalic
1260,adedalic
1261,adedalic
1262,adedalic
1271,adedalic
1278,adedalic
1279,adedalic
1288,adedalic
1295,adedalic
1297,adedalic
1303,adedalic
1312,adedalic
1327,adedalic
1334,adedalic
1342,adedalic
1346,adedalic
1354,adedalic
1359,adedalic
1366,adedalic
1373,adedalic
1380,adedalic
1389,adedalic
1398,adedalic
1400,adedalic
1418,adedalic
1430,adedalic
1431,adedalic
1437,adedalic
1452,adedalic
1455,adedalic
1463,adedalic
1468,adedalic
1469,adedalic
1473,adedalic
1476,adedalic
1487,adedalic
1488,adedalic
1494,adedalic
1499,adedalic
1511,adedalic
1519,adedalic
1525,adedalic
1535,adedalic
1550,adedalic
1555,adedalic
1569,adedalic
1571,adedalic
1574,adedalic
1606,adedalic
1612,adedalic
1613,adedalic
1620,adedalic
1622,adedalic
1626,adedalic
1633,adedalic
1644,adedalic
1651,adedalic
1657,adedalic
1661,adedalic
1671,adedalic
1674,adedalic
1680,adedalic
1681,adedalic
1697,adedalic
1701,adedalic
1709,adedalic
1716,adedalic
1721,adedalic
1728,adedalic
1739,adedalic
1749,adedalic
1765,adedalic
1766,adedalic
1767,adedalic
1772,adedalic
1783,adedalic
1792,adedalic
1795,adedalic
1796,adedalic
1809,adedalic
1814,adedalic
1821,adedalic
1832,adedalic
1837,adedalic
1841,adedalic
1845,adedalic
1849,adedalic
1860,adedalic
1861,adedalic
1879,adedalic
1886,adedalic
1895,adedalic
1901,adedalic
1902,adedalic
1910,adedalic
1913,adedalic
1914,adedalic
1922,adedalic
1923,adedalic
1948,adedalic
1954,adedalic
1958,adedalic
1969,adedalic
1976,adedalic
1989,adedalic
1997,adedalic
2004,adedalic
2011,adedalic
2025,adedalic
2023,adepteXiao
2024,adepteXiao
1970,AdrienVannson
1548,Agnimandur
1549,Agnimandur
1663,Agnimandur
1734,AHappyPotato
1815,AHappyPotato
1816,AHappyPotato
812,Ahmad_Elsagheer
935,Ahmad_Elsagheer
1557,AhmedEzzatG
398,ainta
399,ainta
500,ainta
1513,ajit
1114,AkiLotus
1152,AkiLotus
1292,AkiLotus
1293,AkiLotus
1305,AkiLotus
60,Aksenov239
185,Aksenov239
186,Aksenov239
417,Aksenov239
418,Aksenov239
856,Aksenov239
1267,Aksenov239
1912,Aksenov239
1974,Aksenov239
1500,Akulyat
1501,Akulyat
1735,Akulyat
1641,alegsandyr
1642,alegsandyr
1286,AlesyaIvanova
1287,AlesyaIvanova
1601,AlesyaIvanova
1602,AlesyaIvanova
1358,Alexdat2000
1634,Alexdat2000
1768,Alexdat2000
1805,Alexdat2000
1834,Alexdat2000
1856,Alexdat2000
1872,Alexdat2000
1928,Alexdat2000
1528,alireza_kaviani
1529,alireza_kaviani
1610,alireza_kaviani
1693,alireza_kaviani
1694,alireza_kaviani
551,allllekssssa
620,allllekssssa
622,allllekssssa
1812,AlperenT
1952,AlperenT
1878,AlphaMale06
1446,Amtek
1447,Amtek
1043,Anadi
1053,Anadi
1361,Anadi
1362,Anadi
1466,Anadi
1835,Anadi
1836,Anadi
1679,andr1y
1830,Andrei_ierdnA
1831,Andrei_ierdnA
875,Andreikkaa
876,Andreikkaa
1063,Andreikkaa
1064,Andreikkaa
1422,andrew
1436,andrew
1625,andrew
1775,andrew
1808,andrew
1878,AndrewPav
555,AndreySergunin
556,AndreySergunin
889,AndreySergunin
890,AndreySergunin
930,AndreySergunin
931,AndreySergunin
944,AndreySergunin
1413,AndreySergunin
1434,AndreySergunin
1435,AndreySergunin
1458,AndreySergunin
1459,AndreySergunin
1482,AndreySergunin
1483,AndreySergunin
1484,AndreySergunin
1863,AndreySergunin
229,andreyv
230,andreyv
343,andreyv
344,andreyv
1386,andreyv
1387,andreyv
1438,Anti-Light
1602,Anti-Light
982,API
1904,Apple_Method
1166,Ari
1290,Ari
1291,Ari
1305,Ari
1375,Ari
1404,Ari
1405,Ari
1508,Ari
1509,Ari
1812,Ari
1852,ArielShehter
1853,ArielShehter
123,aropan
124,aropan
316,aropan
324,aropan
1422,aropan
1436,aropan
713,arsijo
714,arsijo
788,arsijo
789,arsijo
1004,arsijo
1017,arsijo
1044,arsijo
1074,arsijo
1075,arsijo
1080,arsijo
1121,arsijo
1182,arsijo
1186,arsijo
1223,arsijo
1240,arsijo
1241,arsijo
1858,ArtAlex
765,Arterm
850,Arterm
868,Arterm
1060,Arterm
1419,Artyom123
1497,Artyom123
1539,Artyom123
1566,Artyom123
1753,Artyom123
1754,Artyom123
1801,Artyom123
1802,Artyom123
1834,Artyom123
1928,Artyom123
1978,Artyom123
1866,ArvinCiu
1876,ArvinCiu
1877,ArvinCiu
2021,ArvinCiu
1734,arvindf232
1815,arvindf232
1816,arvindf232
891,Aryan
892,Aryan
1038,Ashishgup
1061,Ashishgup
1139,Ashishgup
1363,Ashishgup
1365,Ashishgup
1370,Ashishgup
1451,Ashishgup
1605,Ashishgup
1019,asokol
1020,asokol
1906,athin
1938,athin
2021,athin
1788,azberjibiou
1916,azureglow
1946,azureglow
1994,azureglow
1592,Bakry
1775,BaluconisTima
1808,BaluconisTima
788,Barichek
789,Barichek
1949,bicsi
1983,BlazingDragon
615,Bobrosoft
1630,BrayanD
1631,BrayanD
1868,BreakPlus
1869,BreakPlus
1618,Brovko
1619,Brovko
1730,Brovko
1416,bthero
1417,bthero
1553,bthero
1706,BucketPotato
1799,BucketPotato
1812,BucketPotato
913,budalnik
936,budalnik
937,budalnik
1110,budalnik
1181,budalnik
1195,budalnik
1239,budalnik
1248,budalnik
1322,budalnik
1323,budalnik
1609,budalnik
1720,budalnik
1852,buffering
1853,buffering
1942,buffering
1984,buffering
161,Burunduk1
163,Burunduk1
164,Burunduk1
169,Burunduk1
174,Burunduk1
1198,Burunduk1
1199,Burunduk1
158,Burunduk2
161,Burunduk2
1019,Burunduk2
1020,Burunduk2
613,cdkrot
614,cdkrot
685,cdkrot
686,cdkrot
940,cdkrot
949,cdkrot
950,cdkrot
997,cdkrot
998,cdkrot
1012,cdkrot
1013,cdkrot
1020,cdkrot
1039,cdkrot
1040,cdkrot
1054,cdkrot
1056,cdkrot
1110,cdkrot
1131,cdkrot
1137,cdkrot
1138,cdkrot
1152,cdkrot
1209,cdkrot
1214,cdkrot
1239,cdkrot
1248,cdkrot
1322,cdkrot
1323,cdkrot
1470,cdkrot
1471,cdkrot
1601,cdkrot
1648,cdkrot
1649,cdkrot
1700,cdkrot
1912,cdkrot
1220,CepryH9
613,ch_egor
614,ch_egor
685,ch_egor
686,ch_egor
777,ch_egor
940,ch_egor
949,ch_egor
950,ch_egor
1039,ch_egor
1040,ch_egor
1131,ch_egor
1181,ch_egor
1214,ch_egor
1239,ch_egor
1248,ch_egor
1313,ch_egor
1322,ch_egor
1323,ch_egor
1379,ch_egor
1492,ch_egor
1539,ch_egor
1863,ch_egor
1190,chenjb
1191,chenjb
1746,ChthollyNotaSeniorious
1774,ChthollyNotaSeniorious
924,Claris
956,Claris
957,Claris
1190,Claris
1191,Claris
1580,CQXYM
1581,CQXYM
1019,craborac
1020,craborac
1032,craborac
1078,craborac
1079,craborac
1195,craborac
1763,crimsonred
1852,cry
1853,cry
1942,cry
1985,cry
1996,cry
1998,cry
2009,cry
2030,cry
93,dalex
94,dalex
196,dalex
197,dalex
377,dalex
378,dalex
540,dalex
605,dalex
606,dalex
609,dalex
652,dalex
678,dalex
749,dalex
1677,dark_light
1678,dark_light
1396,DatVu
1397,DatVu
1641,daubi
1642,daubi
1715,daubi
1720,daubi
1858,daubi
1658,DeMen100ns
1713,DeMen100ns
1768,DeMen100ns
1388,Denisov
1528,Dio
1529,Dio
1355,DishonoredRighteous
1679,DishonoredRighteous
1801,DishonoredRighteous
1802,DishonoredRighteous
1819,DishonoredRighteous
1820,DishonoredRighteous
2006,DitaMirika
2007,DitaMirika
1498,dixitgarg
1630,dmga44
1631,dmga44
1887,Dmitry07
1888,Dmitry07
1943,Dominater069
1944,Dominater069
1534,Dormi
1819,dshindov
1820,dshindov
1844,duality
1428,dvdg6566
1761,dXqwq
1866,Edbert.H
1982,egor4444ik
1687,Elegia
1688,Elegia
1930,Elegia
932,Enigma27
1037,Enigma27
1208,Enigma27
532,Errichto
533,Errichto
573,Errichto
574,Errichto
611,Errichto
628,Errichto
639,Errichto
643,Errichto
653,Errichto
657,Errichto
658,Errichto
660,Errichto
673,Errichto
674,Errichto
679,Errichto
680,Errichto
698,Errichto
699,Errichto
725,Errichto
750,Errichto
771,Errichto
790,Errichto
791,Errichto
951,Errichto
1023,Errichto
1025,Errichto
1028,Errichto
1209,Errichto
1553,Errichto
1669,Errichto
1676,Errichto
1868,Error_Yuan
1869,Error_Yuan
1428,errorgorn
1491,errorgorn
1526,errorgorn
1672,errorgorn
1943,Everule
1944,Everule
1946,exhausted
1605,ExplodingFreeze
1691,fangahawk
1957,fangahawk
1720,fastmath
1858,fastmath
1081,fateice
1425,faustaadp
1858,FedShat
1656,FelixMP
2002,Flamire
1761,Forever_Pursuit
1198,Gadget
1199,Gadget
1945,Gadget
1842,Gary2005
636,Gassa
684,Gassa
1014,Gassa
1160,Gassa
1957,GenghizKhan
1185,geranazavr555
1211,geranazavr555
1547,geranazavr555
1699,Gheal
1748,Gheal
1830,Gheal
1831,Gheal
1383,gilcu3
1384,gilcu3
842,Glebodin
1063,Glebodin
1064,Glebodin
1718,glebustim
1719,glebustim
1720,glebustim
1870,glebustim
2023,glebustim
2024,glebustim
1819,golikovnik
1820,golikovnik
1921,goncharovmike
1932,goncharovmike
1995,goncharovmike
992,gop2024
1179,gop2024
1180,gop2024
1729,Gornak40
1741,Gornak40
1759,Gornak40
1790,Gornak40
1793,Gornak40
1800,Gornak40
1811,Gornak40
1833,Gornak40
1851,Gornak40
1881,Gornak40
1931,Gornak40
1980,Gornak40
2000,Gornak40
300,gridnevvvit
305,gridnevvvit
336,gridnevvvit
350,gridnevvvit
359,gridnevvvit
369,gridnevvvit
387,gridnevvvit
402,gridnevvvit
403,gridnevvvit
441,gridnevvvit
479,gridnevvvit
480,gridnevvvit
482,gridnevvvit
483,gridnevvvit
498,gridnevvvit
499,gridnevvvit
543,gridnevvvit
544,gridnevvvit
582,gridnevvvit
583,gridnevvvit
585,gridnevvvit
586,gridnevvvit
1043,Grzmot
1361,Grzmot
1362,Grzmot
1406,gyh20
1542,gyh20
1696,gyh20
1934,harsh__h
980,Hasan0540
1470,Hello_zoka
1471,Hello_zoka
1592,Hemose
1670,Hemose
1425,hiddentesla
743,hloya_ygrt
794,hloya_ygrt
809,hloya_ygrt
810,hloya_ygrt
811,hloya_ygrt
1422,hloya_ygrt
1436,hloya_ygrt
1192,Hodobox
1193,Hodobox
196,Hohol
197,Hohol
2035,Hori
1687,huangzirui
1688,huangzirui
1264,I_love_Hoang_Yen
1265,I_love_Hoang_Yen
1859,i_love_penguins
1935,i_love_penguins
1254,I_love_tigersugar
1255,I_love_tigersugar
1830,IacobTudor
1831,IacobTudor
630,igand
1823,Igor_Parfenov
1632,Igorfardoc
1712,Igorfardoc
1768,Igorfardoc
1856,Igorfardoc
633,IITianUG
1540,ijxjdjd
1541,ijxjdjd
97,ilyakor
356,IlyaLos
357,IlyaLos
369,IlyaLos
411,IlyaLos
479,IlyaLos
480,IlyaLos
490,IlyaLos
498,IlyaLos
499,IlyaLos
585,IlyaLos
586,IlyaLos
659,IlyaLos
732,IlyaLos
1495,Imakf
1496,Imakf
1707,Imakf
1708,Imakf
1764,Imakf
1889,Imakf
1890,Imakf
1852,Ina
1853,Ina
79,ir5
1938,ir5
1822,isosto
1840,isosto
222,izban
407,izban
408,izban
856,izban
1019,izban
1020,izban
1267,izban
1310,izban
1314,izban
1315,izban
1442,izban
1443,izban
1912,izban
1974,izban
1280,jabbawookiees
1281,jabbawookiees
1695,jdurie
1799,jdurie
1838,jdurie
1965,jdurie
1966,jdurie
1817,jeroenodb
1818,jeroenodb
1815,jerryliuhkg
1816,jerryliuhkg
1933,jerryliuhkg
1396,JettyOller
1397,JettyOller
1404,JettyOller
1405,JettyOller
1415,JettyOller
1456,JettyOller
1457,JettyOller
1975,jhdonghj112
1787,jiangtaizhe001
446,jiry_2
447,jiry_2
1446,jjaworska
1447,jjaworska
2021,joelgun14
1864,JohnVictor
570,josdas
593,josdas
468,jqdai0815
469,jqdai0815
1517,jqdai0815
1425,JulianFernando
1992,K1o0n
767,KAP
939,KAP
1388,Karavaiev
1521,Karavaiev
1775,kartel
1808,kartel
1313,KiKoS
1322,KiKoS
1323,KiKoS
1379,KiKoS
1444,KiKoS
1445,KiKoS
1492,KiKoS
1500,KiKoS
1501,KiKoS
1601,KiKoS
1602,KiKoS
1648,KiKoS
1649,KiKoS
1301,Kilani
1481,Kilani
1720,kirill.kligunov
1665,Kirill22
1801,Kirill22
1802,Kirill22
1392,KLPP
1753,KLPP
1754,KLPP
733,Kniaz
758,Kniaz
717,knightL
1284,ko_osaga
1446,kobor
1447,kobor
1835,kobor
1836,kobor
617,komendart
675,komendart
870,komendart
871,komendart
872,komendart
889,komendart
890,komendart
930,komendart
931,komendart
944,komendart
1031,komendart
1032,komendart
1071,komendart
1072,komendart
1078,komendart
1079,komendart
1592,KostasKostil
1419,Kotehok3
645,ksun48
655,ksun48
995,ksun48
996,ksun48
1402,lacito
1403,lacito
1827,lanhf
1828,lanhf
1896,lanhf
1618,Lankin
1730,Lankin
1446,lcaonmst
1447,lcaonmst
1154,le.mur
78,Lepetrandr
1774,Little09
1517,littlelittlehorse
327,ll931110
340,ll931110
341,ll931110
2006,LMydd0225
2007,LMydd0225
1933,lomienyeet
2018,lorenzoferrari
2019,lorenzoferrari
1310,lperovskaya
1314,lperovskaya
1315,lperovskaya
1974,lsantire
1830,LucaLucaM
1831,LucaLucaM
1770,m_99
1704,MagicalFlower
1864,MagicalFlower
1936,MagicalFlower
1937,MagicalFlower
1737,magnified
1198,MakArtKar
1199,MakArtKar
856,manoprenko
1181,manoprenko
1214,manoprenko
1672,maomao90
1896,maomao90
1919,maomao90
2022,Marckess
1109,markysha
1113,markysha
1646,MateoCV
1794,MateoCV
1891,max0000561
1946,max0000561
1806,mazihang2022
455,Mediocrity
456,Mediocrity
840,Mediocrity
841,Mediocrity
1537,mesanu
1669,mesanu
1676,mesanu
1692,mesanu
1703,mesanu
1722,mesanu
1742,mesanu
1760,mesanu
1791,mesanu
1807,mesanu
1829,mesanu
1850,mesanu
1873,mesanu
1915,mesanu
1926,mesanu
1950,mesanu
1971,mesanu
1999,mesanu
1658,mewnian
630,mfv
1361,MicGor
1362,MicGor
1738,Milesian
2001,Misuki
1557,Mo2men
1446,Mohamed.Sobhy
1447,Mohamed.Sobhy
1439,Mohammad.H915
1440,Mohammad.H915
1746,MohammadParsaElahimanesh
1843,molney
1899,molney
1994,molney
1842,MonkeyKing
1557,mouse_wireless
549,MrDindows
739,MrDindows
740,MrDindows
1736,mtw
671,muratt
672,muratt
1949,MZuenni
1689,n0sk1ll
1779,n0sk1ll
1898,n0sk1ll
1736,naman1601
1477,Nanako
1478,Nanako
1545,Nanako
1546,Nanako
1770,Nanako
1866,nandonathaniel
1876,nandonathaniel
1877,nandonathaniel
1846,natalina
1941,natalina
1975,Nerovix
1982,nik1998
839,NikaraBika
1731,nishkarsh
2020,nishkarsh
778,niyaznigmatul
779,niyaznigmatul
856,niyaznigmatul
936,niyaznigmatul
937,niyaznigmatul
1012,niyaznigmatul
1013,niyaznigmatul
1416,nkamzabek
1417,nkamzabek
1227,nocriz
1261,nocriz
1262,nocriz
1992,Noobish_Monk
1852,nsqrtlog
1853,nsqrtlog
1858,NToneE
1945,NToneE
385,NVAL
622,NVAL
708,NVAL
709,NVAL
1299,nvmdava
1300,nvmdava
1878,OAleksa
1763,og_
