organization_id,name
5242,--
5025,-is-this-fft-fan-club-
3879,-nothing-at-all-
5548,",,PML 30"
2489,:blobpopcorn:
5218,"! ' Nowhere"
3133,"!Stop playing Alice and Bob"
1463,???
1980,.......
5603,"' IIIT - Guwahati ',0,'2023-08-03"
5737,"' IIIT - Guwahati ',0,'2023-08-08"
3649,"' IIIT - Guwahati ',4,'2022-07-29"
5239,"' IIIT - Guwahati ',4,'2024-02-01"
5571,"' IIIT-Guwahati ',0,'2023-03-26"
5376,"' IIT  Guwahati ',1,'2024-01-08"
4740,"' IIT  Guwahati ',10,'2024-05-15"
2825,"' IIT  Guwahati ',11,'2022-01-04"
3521,"' IIT  Guwahati ',11,'2023-10-13"
4330,"' IIT  Guwahati ',11,'2024-05-25"
4603,"' IIT  Guwahati ',13,'2023-08-16"
4889,"' IIT  Guwahati ',14,'2023-08-08"
4886,"' IIT  Guwahati ',18,'2023-11-28"
3775,"' IIT  Guwahati ',19,'2023-10-01"
5207,"' IIT  Guwahati ',2,'2023-12-28"
4415,"' IIT  Guwahati ',2,'2024-02-27"
2462,"' IIT  Guwahati ',25,'2023-04-17"
4184,"' IIT  Guwahati ',25,'2023-12-17"
5106,"' IIT  Guwahati ',3,'2023-07-14"
3355,"' IIT  Guwahati ',4,'2023-07-07"
5153,"' IIT  Guwahati ',4,'2024-06-07"
3068,"' IIT  Guwahati ',48,'2023-10-01"
2912,"' IIT  Guwahati ',5,'2022-10-25"
5330,"' IIT  Guwahati ',6,'2024-02-16"
4675,"' IIT  Guwahati ',6,'2024-05-28"
5552,"' IIT  Guwahati ',6,'2024-10-07"
3297,"' IIT  Guwahati ',7,'2021-05-24"
4936,"' IIT  Guwahati ',7,'2024-01-23"
4297,"' IIT  Guwahati ',7,'2024-09-27"
4610,"' IIT  Guwahati ',8,'2024-01-03"
5190,"' IIT  Guwahati ',8,'2024-01-21"
3918,"' IIT  Guwahati ',9,'2023-11-26"
4306,"' IIT - Guwahati ',11,'2022-08-28"
3259,"' IIT - Guwahati ',12,'2022-10-22"
2542,"' IIT - Guwahati ',13,'2022-11-06"
3098,"' IIT - Guwahati ',14,'2022-08-30"
4283,"' IIT - Guwahati ',15,'2024-07-14"
4859,"' IIT - Guwahati ',17,'2023-08-25"
4056,"' IIT - Guwahati ',2,'2024-05-13"
3222,"' IIT - Guwahati ',23,'2022-08-01"
2282,"' IIT - Guwahati ',26,'2022-08-05"
4263,"' IIT - Guwahati ',27,'2023-10-02"
3022,"' IIT - Guwahati ',29,'2023-05-14"
1684,"' IIT - Guwahati ',35,'2024-01-15"
2592,"' IIT - Guwahati ',37,'2022-02-21"
2617,"' IIT - Guwahati ',41,'2022-12-29"
5341,"' IIT - Guwahati ',6,'2024-01-16"
4619,"' IIT - Guwahati ',7,'2021-05-17"
4388,"' IIT - Guwahati ',7,'2023-10-03"
3544,"' IIT - Guwahati ',8,'2021-02-20"
3839,"' IIT - Guwahati ',8,'2022-10-16"
4193,"' IIT Guwahati ',19,'2023-01-03"
5332,"' IIT Guwahati ',2,'2024-05-18"
3690,"' IIT Guwahati ',2,'2024-08-09"
3701,"' IIT Guwahati ',26,'2023-10-01"
3804,"' IIT Guwahati ',3,'2023-03-27"
4255,"' IIT Guwahati ',3,'2024-10-01"
5110,"' IIT Guwahati ',5,'2023-08-10"
4813,"' IIT Guwahati ',6,'2024-05-28"
5161,"' IIT Guwahati ',9,'2023-09-30"
5520,"'Andrei Șaguna' National High School"
4793,"'IIIT Hyderabad',0,'2023-07-17"
4067,"'IIIT Hyderabad',0,'2023-09-16"
5533,"'IIIT Hyderabad',0,'2024-08-19"
2576,"'IIIT Hyderabad',19,'2022-12-25"
4363,"'IIIT Hyderabad',3,'2023-08-20"
3528,"'IIIT Hyderabad',3,'2023-12-08"
3237,"'IIT  Guwahati',1,'2023-10-26"
5198,"'IIT Delhi',0,'2022-01-16"
3252,"'IIT Delhi',1,'2024-08-11"
3867,"'IIT Delhi',12,'2023-10-02"
3434,"'IIT Delhi',18,'2023-08-12"
3721,"'IIT Delhi',3,'2024-06-11"
4909,"'IIT Delhi',4,'2023-07-18"
4728,"'IIT Delhi',4,'2024-09-27"
4195,"'IIT Delhi',5,'2024-01-16"
2210,"'IIT Guwahati ',13,'2022-08-30"
3673,"'IIT Guwahati ',22,'2024-02-11"
2935,"'IIT Guwahati ',27,'2023-06-26"
4730,"'IIT Guwahati',0,'2024-02-18"
5749,"'IIT Hyderabad',0,'2022-11-11"
5033,"'IIT Hyderabad',0,'2023-10-26"
4298,"'IIT Hyderabad',0,'2024-07-23"
3950,"'IIT Hyderabad',1,'2023-06-15"
4019,"'IIT Hyderabad',1,'2023-12-13"
5715,"'IIT Hyderabad',10,'2023-09-14"
4173,"'IIT Hyderabad',2,'2022-06-18"
3327,"'IIT Hyderabad',2,'2023-06-15"
3110,"'IIT Hyderabad',27,'2023-09-14"
4314,"'IIT Hyderabad',3,'2022-10-22"
5795,"'IIT Hyderabad',3,'2024-09-14"
3348,"'IIT Hyderabad',31,'2022-03-08"
3831,"'IIT Hyderabad',34,'2024-03-21"
3172,(Aleppo)University
3844,"(All Cups)"
5066,(AUST)
2786,"(AUST) University"
5378,(BUBT)
5787,"(FCI) - Satanic University of Nowhere"
4180,"(IIT Hyderabad)"
3353,"(IIT) Bhubaneswar"
2389,"(IIT) ISM DHANBAD"
3776,"(IIT)ISM DHANBAD"
2394,(re)tired
4139,"[FCAI] South Valley Nat'l Uni."
5030,[KAT]
4310,"[New Project]"
2755,[Newschool]
263,@FakePsyho
3096,"@Farid Murad Fan Club"
2124,"@progmatic fan club"
3618,**Classfied**
4419,"# school"
5096,"#**Assiut University**"
5266,"#**sohag University**"
2267,"#2 school"
5487,#5_school
4767,#55school
1769,"#define int long long gang"
2164,"#IIT(ISM) DHANBAD"
4391,"#Long Thanh High School"
5397,#RoRo
5170,"+2 HIGH SCHOOL GANDEY,GIRIDIH"
2625,"☁Akatsuki ☁"
4941,"0% anime"
226,"0x3F Club"
4593,"107 school"
1375,"10A1 Tin - HSGS"
1438,"10A3 Tin - HSGS"
2626,"11-r surguuli"
3166,"11r surguuli"
4224,"11th school of Parkent"
4743,12-school
1151,"1234huang Fan Club"
2386,1337
4526,"1337 furure is loading"
4103,"1337 Future is Loading"
4715,"1337Med Coding School"
4358,"14 JHS"
3468,173
5179,178
5452,"180 Lyceum"
5045,"19 Rashtriya Rifles"
5566,"19, CS student"
2998,"1C:Club programmers"
2262,"1st secondary school of Ulaanbaatar"
1366,"2.gimnazija Maribor"
875,2003
3179,2022PyZ
5136,2101
421,"23 SEVENLER DERNEĞİ"
353,"232 fanclub"
887,239
5097,24lyceum
5295,2school
4756,"3 years ago"
783,305a
2743,"3202 elprup"
1580,366
4084,3982580943570984
2981,"3rd High School in Wroclaw"
952,"42 Paris"
5213,4507DGI86Z
701,48843
954,"4M club"
3233,"503 Consulting"
3889,505
1015,51
3932,5234325
1004,"57 school"
4278,57c34ce3e31917309
1955,5UMASI
5583,"6 october university"
3803,69FanClub
3638,7-2
3827,"7-8 novoselov division"
4234,"8 Years Student of Hust"
3517,"86th High school"
2666,"9th gymnasium"
3461,"A Code Daily"
892,"A few good men"
2575,"a hidden place"
2648,"A Song of Ice and Fire"
459,A-Soul
5497,"A. D. Patel Institute of Technology"
4456,A.V.P.T.I-RAJKOT
1419,A2SV
3017,"A2SV, Addis Ababa University"
5208,"A4 production not fake"
2122,"A5K59 Lê Xoay, D24CN07 PTIT"
3569,"A7a Wa7da Mesh Kfaya"
3773,AABU
763,AACPSCHOOL
4878,AAiT
3323,"AAiT, A2SV"
5472,"aait,a2sv"
4684,AAMG
5601,AANIF
500,"Aarhus University"
4378,AAST
1642,"AAST Arab Academy"
5727,AAST(Sheraton)
1645,AASTU
1266,"AASTU, A2SV"
4513,"AAU,AAiT"
2830,AAUP
2890,"Aba Teachers University"
3841,"Abai Gymnasium"
3103,"Abbey Park HS"
1149,"abbie fan club"
2824,ABBYY
3902,abcd
5302,"AbdelmagedNour's Fan Club"
1733,"ABES Engineering College, Ghaziabad"
5223,"ABES Engineering College, Ghaziabad,116"
2395,"ABES Institute of Technology, Ghaziabad"
926,"Abhi8803 fan club"
4299,"abilis27 fun club"
5392,"Aboltus Gym"
914,"absolute fanclub"
2738,"ABV IIITM GWALIOR"
1524,"ABV-IIITM Gwalior"
3288,AC
690,acade.com
2150,"Academies of Loudoun"
1879,"Academy City"
2351,"Academy of Economic Studies"
2567,"Academy Of Penguin"
4375,"Academy of Technology"
5696,"ACADEMY OF TECHNOLOGY(AOT)"
4845,Accenture
4956,"Ace Engineering College"
5412,"ACF Fiorentina"
425,ACfun
3924,"Acharya Institute Of Technology"
4777,"Acharya Nagarjuna University"
1997,"ACM Chapter Cusco"
4891,"ACM esprit"
1516,"acm loser club"
5372,ACM-SFE
5029,ACOIIN
4408,"Acpc Club Damietta University"
5305,"Acropolis Institute of Technology and Research"
5280,"ACU-faculty of compter science"
5013,"ACU-faculty of computer science Helwan  university"
149,AcWing
2176,"ADA University"
2453,"Adama Science and Technology University"
5388,"Adamas University"
5261,"Adamjee Cantonment College"
4648,"Adani institute of infrastructure engineering"
5794,"Adani University"
4079,"Addis Ababa University"
2480,"Adia's Fun Club"
4920,"Aditya College of Engineering"
4132,"Aditya Engineering College"
4643,"Aditya Engineering College [A]"
4504,"Aditya Engineering College."
4621,"Aditya Silver Oak"
1411,"Adobe Systems"
262,"AE high school"
5247,"AE HIGHSCHOOL"
469,"AESC MSU"
1674,Aespa
757,"AFC(Atreus fan club)"
130,"AFewSuns Fan Club"
41,"Affiliated High School of Fujian Normal University"
797,"Affiliated Middle School of Guangzhou University"
1295,AFO
3159,"AG SPBU"
3324,"Aggressive Gods Club"
871,"AGH University of Science and Technology"
2566,"agile studio,xhc"
2051,"Agreb Fan Club"
5020,AGU
2239,"ahihi1234 Fanclub"
3624,"Ahmad Organization"
2227,"Ahmed57 Fan Club"
2656,"Ahram Canadian University"
4690,"Ahsanullah University of Science and Technology"
3436,AI
4450,AI-MenoufiaUniversity
4361,"AIACTR, Delhi"
2823,AIET
3432,"Ain Shams FCIS"
3426,"Ain Shams University"
2362,"Ain shams University , Faculty of computer science"
4181,"Ain shams University, FCIS"
4002,"Ain-shams university"
3684,"Ainshams university"
1815,"Aiperiii fan club"
4430,"AISSMS COE, Pune"
2526,"AISSMS's IOIT, Pune"
3314,AIT
2810,"AIT Pune"
1941,"ajay kumar garg engineering college"
2602,"Ajay Kumar Garg Engineering college, Ghaziabad"
4216,"Ajay Kumar Garg Enginnering College"
1735,"Ajou University"
3665,"Akademickie liceum PWR"
2741,AkaliFanClub
3980,"Akhbar El Yom academy"
4323,"Akhuwat stem school"
5203,"Akhuwat STEM school C2"
3728,aki_tua22
2818,"AKS University"
5802,"Aksay BIL"
4957,"Aksay BIL(003)"
5288,"AKT va AXI"
1407,"Aktau BIL"
2866,"Aktobe BIL"
2510,"Aktobe KTL"
5528,AKTU
5128,AKU
4555,"Al - Azhar university"
5246,"Al Ahliyya Amman University"
5457,"Al Akhawayn University"
4901,"Al Azhar 2"
4637,"Al Azher Gaza"
5365,"Al Azher University"
2281,"Al Baath University."
5495,"Al fadleayh school"
3671,"Al Maaref University"
5061,"Al_Wataniya Privet Univercity"
4423,"AL-Azhar University"
4856,"AL-Azhar University Gaza"
846,"Al-Baath University"
4827,"Al-Balqa Applied University"
3439,"Al-Balqa' Applied University"
2893,"Al-Hashemeih Secondary Boys school"
5765,"Al-Hashemite University"
4807,"Al-Khawirzimi shcool"
1047,"Al-Khwarizmi ICT school"
5023,"Al-Shahbaa University"
1622,"Al-Wataniya Private University"
5082,"Ala-Too International University"
3612,"Alame Helli 1"
3691,"Alameh Helli 5"
5100,Alamehelli5
4500,"Alazhar engineering university"
5374,"Albaath -University"
3383,"albaath univercity,IT Engeneering"
4172,"AlBaath University"
2465,"Alborz high school"
4149,"Aleppo univercity"
488,"Aleppo University"
5069,Aleppo_University
278,"Alexander Burlakov fan-club"
4496,"Alexandria National University"
5390,"Alexandria STEM School"
5488,"Alexandria University"
3926,"Alexandria University - Faculty of Science"
2474,"Alexandria University - FCDS"
5668,"Alexandria University-Faculty of Computing and DS"
895,"Alexey Mikhnenko Fan Club"
2495,"Alexnadria U - Faculty of Engineering"
405,Algorinthm
5180,"Aliah University"
5210,"Aligarh Muslim University"
695,"Align Technology Research and Development Inc."
426,"Alin Popescu Fanclub"
57,"Allame Helli"
4748,"Allame Helli 1"
611,"Allame Helli 10"
565,"Allame Helli 2"
2694,"Allame Helli 3"
1436,"Allame Helli 4"
2695,"Allame Helli 8"
3880,"Allame helli2"
47,"Allvik06 hate-club"
650,"Almaty IITU"
1586,"Almaty KTL"
2231,"Almaty RPMS"
5383,"Almaty, Liceum 178"
3732,"Almaty, RPhMS"
2976,"Almaty,KBTU"
1910,"Almetyevsk, Boarding Lyceum №1"
760,"Almothana Fan Club"
5401,"almultaqaa friend"
3118,alo
2960,"ALO Gliwice"
1869,"AlphaMale06 fan-club"
5345,Alryada
2288,"ALT ACCOUNTS"
5645,"Alzano, L.S. Amaldi"
807,Amazon
4301,"Amazon Development Center"
752,"Amazon Web Services"
4129,"Ambalika institute of management and technology"
4772,"AMC College"
5277,"America International University Bangladesh"
1851,"American HS"
4295,"American International University  Bangladesh"
4790,"American International University  Bangladesh, 154"
4144,"American International University - Bangladesh"
1945,"American International University Bangladesh"
5232,"American International University Bangladesh, 102"
5293,"American International University Bangladesh(AIUB)"
5101,"American International University-Bangladesh(AIUB)"
1437,"American Univeristy of Beirut"
1607,"American University of Armenia"
1940,"American University of Beirut"
1456,"American University of Central Asia"
3529,"American University of Sharjah"
2378,"Amherst College"
397,"Amin Abad"
1304,"aminjon__ heyt club"
2161,amiracle_Fan_Club
171,"amirhoseinfar1385 team"
385,"Amirkabir University of Technology"
3566,"Amity University"
5230,"Amity University Jaipur"
4864,"Amity University Jharkhand,Ranchi"
2108,amogus
3037,"Among Us"
2543,"Amreeka Ka Dalla"
3736,"AmrHarb's Fan Club"
5567,"Amrita School of Engineering"
643,"Amrita School of Engineering, Amritapuri"
2134,"Amrita School of Engineering,coimbatore"
2053,"Amrita Vishwa Vidhyapeetham"
1922,"Amrita Vishwa Vidyapeetham"
5414,"Amrita Vishwa Vidyapeetham,Amritapuri Campus"
5309,"Amrutvahini COE , Sangamner"
532,"Ams Ma Túy Incorporated"
1809,"An-najah university"
3718,"Anand Engineering College"
2806,"Ananda College"
2754,"Anderson Secondary School"
5375,"Andhra Loyola College"
5714,"andhra university"
882,"Andrysha Pyrokinesys fan-club"
2070,"Anhui Agricultural University"
5222,"Anhui Normal University"
886,"Anhui University"
4594,"Anime world"
5235,"Anjuman College of Engg  tech"
2436,"Ankara Science High School"
3154,"Ankara University"
3046,"Anna university,CEG"
3726,"Anondo Mohan College"
2736,Anonymous
2622,"ANOO 'Phystech-Lyceum' of P. L. Kapitsa"
4048,"Another world"
204,"Anshi Dafu Middle"
3056,"Anshun NO.2 High School"
4838,"Antarctic Penguin Federation"
1148,AntarcticPenguinLanguageSchool
1508,"Anti Alex239"
1418,"Anti Mike4235"
618,"Anti Sunzizhong fan club"
1452,Anti-Entropy
5708,AntiCheaters
2310,Antier
3990,"Anurag Group Of Institutions"
4489,"anurag university"
3595,"Anyang Middle School"
4427,"AO club"
799,"AoFS Organization"
4945,"AOI - Algerian OI"
3253,"aou kuwait"
3409,Apple
3416,"Apple Aurat Party"
4318,"Applied Science Private University"
2043,"Applied Science University"
1744,"Aqeq Fan Club"
4781,"Arab Academy for Science and  Technology"
161,"Arab Academy for Science and Technology"
2189,"Arab Academy for Science and Technology (Sheraton)"
4700,"Arab Academy for Science Technology"
3388,"Arab Academy for Science Technology, South Valley"
3387,"Arab International University"
5600,"Arab Open University"
2760,"Arab open university(Egypt)"
3786,"arab open university(kuwait)"
1833,"Arcadia High School"
1010,"Ariana, ISI"
585,"Arif, where is my key!?"
1872,"Aristotle University of Thessaloniki"
2636,"Arizona State University"
1934,"Arjun Reddy"
273,Arknights
3635,"Army Institue Of Technology"
3286,"Army Institue Of Technology (AIT), Pune,"
5058,"Army Institue Of Technology (AIT), Pune, 303"
3505,"Army Institue Of Technology (AIT), Pune, 366"
1089,"Army Institute Of Technology (AIT), Pune"
4682,ArmyInstituteofTechnology
2877,arnavwinner_fan_club
2423,"ARSD, University of Delhi"
1732,"Artem Gostev fan club"
2361,Artist
5797,"Arya College of Engineering and IT"
5623,"Arya Institue of Engineering and Technology"
5159,"Arys BIL"
449,"Asadullo Ganiev Fan Club"
4231,"asadullo_1111 fan club"
3610,"Asansol Engineering College"
2061,"Asaxiy IT"
4707,asd
27,ASDFZ
5467,"Ashgabat International School"
1519,"Ashgabat, 86th High school"
3058,"Ashiqul Islam Fan Club"
4839,"AshishGup Fanclub"
1960,"Ashoka University"
1512,"AshrafYousry Fan Club"
4217,"Asia Pacific College"
4846,"Asian Institute of Management"
4091,"Asilbek Sunnatov fan club"
2828,"Assam Engineering College"
4887,"Assiut STEM school"
637,"Assiut University"
5560,"Assiut University Computer and Information"
5301,"Association of Depressed People"
4834,"assuit university"
5672,"Assuit University, 237"
4699,"Assuit Unviresty"
4505,"Astronomical group 2021"
2765,"ASTU, A2SV"
5241,"ASU  University"
4825,"ASU faculty of CIS"
5073,"ASU faculty of science"
1750,"ASU-Ain shams University"
5534,"ASU-Ain shams University , faculty of scienc"
2502,"ASU-Ain shams University , faculty of science"
3303,"ASU-Ainshams University"
5077,"ASU-Ainshams University , faculty of engineering"
4565,"ASU-Ainshams University , faculty of science"
1462,"Aswan faculty of Engineering"
4501,"Aswan faculty of science"
4751,"At Cairo University"
4867,"At Home"
61,AtCoder
755,"Ateneo de Manila U"
3104,"Ateneo de Manila University"
1212,"Ateneo de Naga University"
5602,"Atish Dipankar University"
1743,"Atyrau BIL"
2066,AUST
1691,"Average CP enjoyer"
5455,"Azerbaijan University"
664,"Azhar University"
4926,"B V Raju Institute of Technology"
2897,B-Komachi
4270,"B.P. PODDAR INSTITUTE OF MANAGEMENT AND TECHNOLOGY"
1277,"B.T. No.1 Middle School"
139,"B20 Fan Club"
1232,"Babes Bolyai University"
1030,"Babeș-Bolyai University"
3939,"Babol Noshirvani University of Technology"
2555,"BABU FANCLUB"
5300,"Bac Lieu High School"
3861,"Bac Lieu High School for Gifted Students"
1432,"Bac Ninh High School for Gifted Students"
2208,"Bac Ninh high school for the gifted"
3962,"Bach Khoa Da nang University"
1477,"back to future"
4345,"BAF Shaheen College Dhaka"
1886,"Bahcesehir High School for Science and Technology"
5371,"Bahria University, Islamabad"
5622,"Bai Hua Middle School"
3489,BAIUST
4674,"Bakhtiyarpur College of Engineering"
470,"Bakry Fan Club"
5285,"Baku Higher Oil School"
4955,"Baku State University"
3491,"Baku Turkish Lyceum"
2805,"Balakovo, Gimnazium №1"
1530,BallonFanclub
363,"Balls Of Steel"
1671,"Balseiro Institute"
1618,"bananade Fan Club"
4959,"Banaras Hindu University"
4018,"Banasthali University"
5475,"Banasthali Vidyapith"
524,bandana
3219,"Bandung Institute of Technology"
5310,"Bangabandhu Digital University"
5303,"Bangalore Institute of Technology"
4953,"Bangamata - BSFMSTU"
3778,"Bangladesh Agricultural University"
5273,"BANGLADESH ARMY UNIVERSITY  ENGINEERING TECHNOLOGY"
4253,"Bangladesh Digital University"
3823,"Bangladesh Open University"
4327,"Bangladesh University (BU)"
2521,"Bangladesh University of Business and Technology"
5113,"Bangladesh University of Business and Technology."
3888,"Bangladesh University of Eng. and Tech."
2892,"Bangladesh University of Eng. and Tech. BUET"
5785,"Bangladesh University of Professionals"
1489,"Bangladesh University of Professionals(BUP)"
4670,Banglalink
4654,"Banha Faculty of Computers and AI"
5530,"Bannari Amman Institute of technology"
1836,"Banqiao Senior High School"
2970,"Bapatla Engineering College"
5287,Baper_Hotel
1858,"barabarabara in ohio"
4712,"Barak Valley Engineering College"
714,"Baranovichi yakuza"
4865,"Barisal University"
2983,"Barish's Heart"
3178,"Barishal Zilla School"
3856,"barisin qardasi"
4704,"Barnaul, Gymnasium 42"
1309,"Baroque Works"
1115,"Bashgah Olampiad SALAM"
3450,"Bassam Fan Club"
2168,Bat-Family
1497,"Batthyany Lajos Gimnazium"
5158,"BAU university"
2773,BAUET
3972,BAUST
5659,"BAUST, Saidpur"
5612,"BAUST,Saidpur"
1028,"Bayt Al-Ḥikmah"
5790,"BBDEC,  Lucknow"
4077,BBDNITM
5148,"BBPI, 2"
4392,BCMS
2686,BD
4146,"Beblet Fan Club_KUET"
953,"becaidorz fan club"
2149,"Begum Rokeya University, Rangpur"
4929,"Begum Rokeya University, Rangpur, 49"
5479,"Begum Rokeya University,Rangpur"
113,"Beihang University"
5678,"Beijing Academy"
649,"Beijing Etown Academy"
520,"Beijing Institute of Technology"
942,"Beijing Institute of Technology, Zhuhai"
34,"Beijing JiaoTong University"
43,"Beijing National Day School"
3669,"Beijing National Dian Jing School"
3854,"Beijing National Dianjing School"
151,"Beijing National Dj School"
4576,"Beijing No.15 Middle School"
1446,"Beijing No.80 High School"
54,"Beijing Normal University"
1471,"Beijing Normal University, Zhuhai"
3546,"Beijing University of Chemical Technology"
2519,"Beijing University of Chinese Medicine,BUCM"
435,"Beijing University of Posts and Telecommunications"
1505,"Beijing University of Posts and Telecomunications"
2195,"Beijing University of Technology"
5253,"Beijing, BUAA"
4617,BEIJINGJIAOTONG
2559,BeijingNationalGenshinSchool
2136,"Beirut Arab University"
3077,"Bejing University of Posts and Telecommunications"
2571,"Belal (bond) Fan Club"
429,"Belarusian NTU"
4410,"Belarusian potato"
418,"Belarusian SU"
3557,"Belli Goal"
5546,"Benemérita Universidad Autónoma de Puebla"
5815,"Bengal Institute of Technology, Kolkata"
4131,"Bengbu No.26 Middle School"
3948,"Benha National university"
3515,"Beni Suef University"
4492,Benjamarachutit
3088,"Bennett University"
1979,"Benq wannabe"
663,"Benson Black-Fan Club"
3129,"Ber Sarai"
4448,"Berdigestah gymnasium"
849,"berguzar fan club"
2631,"Best college"
5581,"Bethlehem University"
211,BEWFZ
2265,BEZDAR
5464,"BFCAI  Benha University"
3407,"BFCAI , Benha University"
5270,"BFCAI Banha University"
1043,"BFCAI Benha University"
4244,"BFCAI,Benha University"
4982,BFCAIbanhaUniversity
3449,"BGC Trust University Bangladesh"
5757,BGCTUB
4942,Bgmi
3400,"BGS National Public School"
2000,"Bhagalpur college of engineering"
4991,"Bhagwan mahavir college (BMU)"
1332,"bhagwan parshuram institute of technology"
2325,"Bharati Vidyapeeth College of Engineering"
1988,"Bharati Vidyapeeth's College of Engineering"
2651,"Bharti vidyapeeth COEP pune"
3220,"Bhilai Institute Of Technology Durg Chhattishgarh"
4645,BIB
2128,bieoiibe_fanclub
2379,"BIET, Jhansi"
3792,"BIET, Jhansi, Uttar Pradesh"
309,"BigBag fan club"
1326,"Bigil FC"
973,Bikini_Botttom
4188,"BIL aqtobe"
5196,"Bilibili Gaming"
5426,BILIM-INNOVATION
1137,"Bilkent University"
2097,"Billal Hossain fan club"
978,BIMBOOOO
3443,"Binh Long Specialized And Gifted High School"
2382,"Binh Minh High School"
837,"Binus University"
1774,"Biot FanClub"
4868,"Bipin Tripathi Kumaon Institute of Technology"
1598,"birby cult"
2105,"Birla Institute Of Technology And Science Pilani"
3863,"Birla Institute of Technology and Science, Pilani"
3240,"Birla Institute of Technology Mesra"
2384,"Birla Institute of Technology Mesra, Jaipur"
5373,"Birla INSTITUTE OF TECHNOLOGY MESRA,PATNA"
769,"BIRLA INSTITUTE OF TECHNOLOGY,  MESRA"
2944,"Birla Institute of Technology, Mesra"
3911,"Birla vishwakarma mahavidhyalaya"
2604,"Birsa Institute of Technology, Sindri"
5547,"Birshreshtha Noor Mohammad Public College, Dhaka"
1924,"birzeit University"
4196,"BIS - Faculty of commerce"
5068,"BIS - Faculty of commerce - Helwan university"
3487,BISGU
1693,"Bishkek Mafia, NANO-center"
5226,"BIST, Bhopal"
4558,"BIT Mesra"
2974,"BIT Mesra, Ranchi"
5451,"bit sindri"
3682,"BIT, Mesra"
5080,BITC
3760,"BITS Goa"
4664,"Bits Hyderabad"
1082,"BITS Pilani"
1507,"BITS Pilani Goa Campus"
5532,"Bits Pilani Goa Campus 494"
4987,"BITS Pilani Goa CAmpus, 433"
5289,"BITS Pilani Goa Campus, 471"
876,"BITS Pilani Hyderabad Campus"
2585,"BITS Pilani KK Birla Goa Campus"
4250,"BITS Pilani, Hyderabad Campus"
375,"BITS Pilani, Pilani campus"
3085,"BITS, Pilani"
338,"Bitset Academy"
3611,BJEA
709,BJFU
4404,"BKDN - University of Danang"
5181,"Black Lodge"
761,bleach
2090,"Blobo2 fanclub"
3897,"Blockchain Research Lab"
5129,"Bloody Legion"
2248,"Blue Lock"
3254,"Blue Moon"
682,"Blue Whale Fall Rain Language School"
1881,"BluoCaroot fan club"
2143,BME
2206,"BML Munjal University"
2104,"BMS college of engineering"
2952,"BMS Institute of Technology and Management"
4148,"BMSzC Bolyai"
1378,BobaTeaShop
778,Bobruisk
718,bodj
529,"Body Development Club"
1506,"Bogazici University"
4797,BoikoSuperMath
3021,"Bolbo na"
1936,"Bombay Scottish School"
3680,"Bonch-Bruevich SPbSUT"
478,Booking.com
2434,BookMyShow.com
3377,Bora3y_fan_club
575,"Boris is dead :("
3412,"Boston University"
2348,"Botswana FanClub"
2883,bottle
358,"BOU VO VML"
5133,"BPIT, new delhi"
1005,"Brac University"
1629,Bragino
5419,"Brahmanbaria polytechnic institute"
1251,Brainstorm
3120,"Brainware University"
5629,"Brawijaya University"
1544,"Brest, Gymnasium 1"
1258,"Brookline High School"
805,"Brown University"
1433,"Bryceorz Fanclub"
2446,BSDEFZ
4321,BSFMSTU
5039,"BSIOTR Pune"
1096,BSMRSTU
5316,"BSMRSTU ,120"
5447,"BSMRSTU ,Gopalganj"
4814,"BSMRSTU,Gopalganj"
4282,"BSMRU , Kishoreganj"
5393,BSNU
4145,BSS
4547,"BSTU Shukhova"
5706,"BSU FAMCS"
4719,"BSU FCAI"
883,"BSU FPMI"
5809,"BSU, Belarus"
268,BSUIR
4437,"BTKIT,Dwarahat"
4118,BTS_DIV
1091,BUAA
5621,BUBT
2691,BUCT
2297,"Budapest, Fazekas M. Gimnázium"
5458,"Budge Budge Institute of Technology"
443,BUET
4495,"BUET, CSE"
2551,"BUET, Dhaka, Bangladesh"
2623,"BUET(Dhaka,Bangladesh)"
3816,"Bukhara, Jondor IM"
2659,"Bukhara, Presidential School"
2785,BUPT
2570,"Burapha University, Bangsaen"
2573,"BURATINO Software"
2001,"Buryat State University"
4249,"Business Information System - Helwan University"
4589,BUTEX
2393,BVN
5421,BVPCOEP
4182,BVRITN
1088,BWINF
2290,Bytedance
3402,Byteskill
5616,"C. V. Raman Global University"
5056,C.K.P
2920,"C.N. Dragoș Vodă"
2241,"C.N. Fratii Buzesti"
2508,"C.N. George Coșbuc Năsăud"
2224,"C.N. I.L.Caragiale"
2234,c0000000000de_hater
721,"Cabinetul de matesha"
5570,"Cairo University"
3266,"Cairo University - Faculty of Engineering"
5052,"Cairo University - faculty of Science"
3615,"Cairo University - fcai"
3067,"Cairo University -FCAI"
4425,"Cairo University,FCAI"
2268,"California Institute of Technology"
975,Caltech
651,"Cambodian Students in Vietnam"
1474,"Cambridge Chyngyz Aitmatov"
3798,"Cambridge High School"
1883,"Can Tho University (CTU)"
3588,"Canadian International College-CIC"
4651,"Canadian University of Bangladesh"
2332,"Canberra Grammar School"
5474,"Candidate Master By 2023"
3507,"Cantonment English School And College"
29,"Capital Normal University High School"
557,"CapyBars Capytal"
4165,Careem
5352,"career point university(cpu)"
932,"Carleton College"
3519,"Carleton University"
598,"Carmel HS"
11,"Carnegie Mellon University"
2059,Carporation
2370,CASIA
1845,"Casper's Celestial Chasers"
991,"Cassell College"
1198,"Cau Giay Secondary School"
4020,"Caucasus University"
5818,"Cavite Science Integrated School"
4734,"CBTis 217"
3563,"CCE-Faculty OF Engineering Alexandria University"
3014,"CCGS Perth"
5084,"CCN university"
364,CCNU
5439,CCP
4275,"CCSED Mansoura university"
3688,CCTS
1703,CCUCM
3937,"CDK Global"
2359,cdqz
2250,cdqz_team1032
3106,cdqzak
3733,CDTU
5427,CEMK
1268,CengFan
3675,"Central China NU"
2371,"Central South Univercity"
225,"Central South University"
2416,"Central University"
5228,"Central University of Jharkhand"
1121,CentraleSupélec
4389,"Centro Universitário FEI"
1994,CERN
3025,"CET Bhubaneswar"
3337,"CGC-College Of Engineering"
2801,"Chaitanya Bharathi Institute of Technology,Hyd"
5516,chalajabhosdika
3338,Chaldeans
284,"Chalmers University of Technology"
5172,"Chandiagrh University"
5483,"Chandigah University"
3925,"Chandigarh Group of Colleges , Landran"
1330,"CHANDIGARH UNIVERSITY"
3411,"Chandigarh University (CU)"
3710,"Chandpur Science and Tech Uni"
1565,"ChangAn university"
2435,"Changchun University"
2118,"Changchun University of Science and Technology"
295,"Changjun Bilingual School"
74,"Changjun High School"
319,"Changjun NetBar"
1614,"Changpantai Middle School"
998,"Changsha University"
1345,"Changsha University of Science and Technology"
1413,"ChangZhou Foreign Languages School"
2999,"Changzhou No.1 High School"
86,"Changzhou Senior High School of Jiangsu Province"
2969,"Chapainawabganj Polytechnic institute"
736,"Charles University in Prague"
3162,"Charotar University of Science and Technology"
4978,"CHARUSAT University"
2696,"Chattogram Government High School"
613,"chb fan club"
5055,"Cheboksary, Lyceum №4"
3657,Cheenta
4111,"Chelyabinsk SU"
188,"Chelyabinsk, FML 31"
1238,"Chengdu Foreign Language School"
122,"Chengdu Foreign Languages School"
1141,"Chengdu Jincheng College"
2220,"Chengdu JXFLS"
1847,"chengdu neusoft university"
59,"Chengdu No.7 High School"
5518,"ChengDU shishi high school"
1801,"Chengdu Shude High School"
1663,"chengdu university"
729,"Chengdu University of Information Technology"
2752,"Chengguan No. 2 Primary School"
1127,"Chennai Mathematical Institute"
5701,Chennaiinstituteoftechnology
945,"Chery Fan Club"
901,"Chess club 4085"
3290,"Chi Lang High School, Gia Lai"
2926,"Chiang Mai University"
2205,Chileden
1992,China
1482,"China Genshin University"
1267,"China Hangzhou Zhejiang University of Technology"
1549,"China Jiliang University"
361,"China Railway"
1350,"China University of Geosciences"
584,"China University Of Mining And Technology"
1900,"China University Of Mining And Technology, Beijing"
2375,"China University of Petroleum"
473,"China University of Petroleum(East China)"
919,"China ZJNU"
4041,chipi_chipi_chapa_chapa.org
4614,"Chiroqchi ITMA"
2532,"chitkara university"
4791,"Chitkara University, Himachal Pradesh"
1628,"Chitkara University, Punjab"
4970,"Chittagong Collegiate School"
5812,"Chittagong Govt. City College"
5558,"Chittagong Polytechnic Institute"
1441,"Chittagong University of Eng and Tech"
5459,"Chittagong University of Eng and Tech, 149"
3152,"Chittagong University of Eng and Tech, 151"
4745,"Chittagong University of Eng and Tech, 225"
4058,"Chittagong University of Eng and Tech, 231"
4179,"Chittagong University of Engineering and Tech"
3455,"Chittagong University of Engineering and Tecnology"
2711,CHN-ZIME
5,"Chongqing Bashu Middle School"
347,"Chongqing Nankai Secondary School"
1341,"Chongqing Nanyu Middle School"
3944,"Chongqing NK(RQ) Middle School"
452,"Chongqing NO.1 Middle School"
270,"ChongQing No.8 Secondary School"
4567,"Chongqing Rongchang Middle School"
220,"Chongqing University"
4029,"ChongQing university of science and technology"
1596,"Chongqing Yucai Middle School"
5166,"Chouksey Engineering College"
495,"CHT Fan Club"
1024,"Chu Van An High School"
3859,chughtai_group
269,"Chulalongkorn University"
290,"Chung-Ang University"
1877,"Chungnam National University"
1951,"church school"
4021,"Chuyên Biên Hòa Hà Nam"
2142,"Chuyen Chu Van An High School"
